{
  "name": "灌注仪式",
  "icon": "minecraft:end_stone",
  "sortnum": "4",
  "category": "obw_manifestations_of_magic",
  "pages": [
    {
      "type": "text",
      "text": "执笔者，这是你的一个待办事项"
    },
    {
      "type": "ritual",
      "ritual": "bewitchment:infusion_overworld"
    },
    {
      "type": "ritual",
      "ritual": "bewitchment:infusion_nether"
    },
    {
      "type": "ritual",
      "ritual": "bewitchment:infusion_end"
    },
    {
      "type": "ritual",
      "ritual": "bewitchment:infusion_dream"
    }
  ]
}
