{
  "name": "介绍",
  "icon": "bewitchment:pentacle",
  "sortnum": "1",
  "category": "obw_manifestations_of_magic",
  "pages": [
    {
      "type": "text",
      "text": "关于魔法的使用，女巫们可能会发现有多种方法来发挥她们的意志，从而创造强大的魔法效果……只是不要太花哨。$(br) $(br)这些效应在性质和试剂上各不相同，但总而言之，它们都在女巫们构建有利因素时提供了有用(有时甚至是致命的)效应。"
    },
    {
      "type": "text",
      "text": "这些魔法的表现可以分为三大类:符咒、魔法阵和共鸣。"
    }
  ]
}
