{
  "name": "标记仪式",
  "icon": "bewitchment:wood_ash",
  "sortnum": "4",
  "category": "obw_manifestations_of_magic",
  "pages": [
    {
      "type": "text",
      "text": "一个非常基本的仪式，这个仪式将帮助你画出仪式圆阵。"
    },
    {
      "type": "ritual",
      "ritual": "bewitchment:draw_circle_small"
    },
    {
      "type": "ritual",
      "ritual": "bewitchment:draw_circle_medium"
    },
    {
      "type": "ritual",
      "ritual": "bewitchment:draw_circle_large"
    }
  ]
}
