{
  "name": "魔法阵",
  "icon": "bewitchment:ritual_chalk",
  "sortnum": "3",
  "category": "obw_manifestations_of_magic",
  "pages": [
    {
      "type": "text",
      "text": "圆形魔法阵可能是女巫们最常用的魔法，它利用世界上的各种力量来塑造它们，产生各种各样的效果来辅助执行此仪式的女巫。尽管它的效果范围从召唤到灌注等等，但圆形魔法阵的基本原理始终是一样的，主要是要求在地面上绘制圆阵，并需要一个祭坛或玩家来供它吸取能量，以及一些特定物品来将魔法能量重新引导到所需效果上。"
    },
    {
      "type": "text",
      "text": "因此，铸造这种仪式的过程相当容易;首先，在地上画出所需的圆，然后放下所需的试剂，最后激活最后的字符，开始仪式。然而，值得注意的是，仪式也可能有特定的特定要求，比如在满月时被铸造，或是指定一个--fix_it 同伴女巫--位列于仪式的入口处。"
    },
    {
      "type": "multiblock",
      "name": "小型圆阵",
      "multiblock_id": "bewitchment:circle_small"
    },
    {
      "type": "multiblock",
      "name": "中型圆阵",
      "multiblock_id": "bewitchment:circle_medium"
    },
    {
      "type": "multiblock",
      "name": "大型圆阵",
      "multiblock_id": "bewitchment:circle_big"
    }
  ]
}
