{
  "name": "构造仪式",
  "icon": "minecraft:crafting_table",
  "sortnum": "4",
  "category": "obw_manifestations_of_magic",
  "pages": [
    {
      "type": "text",
      "text": "这个世界上有很多东西是你可以制作的，从标准的扫帚到水晶球。然而，所有这些都有一个共同点，它们都是通过仪式精心制作的。"
    },
    {
      "type": "ritual",
      "ritual": "bewitchment:deck"
    },
    {
      "type": "ritual",
      "ritual": "bewitchment:table"
    },
    {
      "type": "ritual",
      "ritual": "bewitchment:crystal_ball"
    },
    {
      "type": "ritual",
      "ritual": "bewitchment:cypress_broom"
    },
    {
      "type": "ritual",
      "ritual": "bewitchment:juniper_broom"
    },
    {
      "type": "ritual",
      "ritual": "bewitchment:yew_broom"
    },
    {
      "type": "ritual",
      "ritual": "bewitchment:elder_broom"
    },
    {
      "type": "ritual",
      "ritual": "bewitchment:sanctuary"
    }
  ]
}
