{
  "name": "召唤仪式",
  "icon": "minecraft:skull:1",
  "sortnum": "4",
  "category": "obw_manifestations_of_magic",
  "pages": [
    {
      "type": "text",
      "text": "你已经学会了如何召唤无数基础的灵魂，甚至召唤其他女巫。"
    },
    {
      "type": "ritual",
      "ritual": "bewitchment:conjure_wither"
    },
    {
      "type": "ritual",
      "ritual": "bewitchment:conjure_ghast"
    },
    {
      "type": "ritual",
      "ritual": "bewitchment:conjure_vex"
    },
    {
      "type": "ritual",
      "ritual": "bewitchment:conjure_witch"
    },
    {
      "type": "ritual",
      "ritual": "bewitchment:conjure_blaze"
    },
    {
      "type": "ritual",
      "ritual": "bewitchment:conjure_magma_cube"
    }
  ]
}
