{
  "name": "咒语",
  "icon": "bewitchment:spell_page",
  "sortnum": "2",
  "category": "obw_manifestations_of_magic",
  "pages": [
    {
      "type": "text",
      "text": "通常被认为是魔法中最弱的一种，女巫们通常认为这是一种毫无价值的魔法，只会被咒语施展者和魔术师使用，而女巫们则依赖于隐藏在世界结构之下的更强大的魔法。不过，她们承认，在紧要关头或出于实用目的，这些咒语是有用的。因此，女巫们确实会使用特定的咒语来帮助他们提高技能，比如“闪现”或“缚足”。"
    },
    {
      "type": "text",
      "text": "作为直接改变魔法释放的一种方式，一旦女巫发现了必要的魔法词汇，这些咒语就更容易施放，这样一来只会消耗一部分MP。为了发现每个咒语所需要的必要词汇，女巫需要在古老的羊皮纸中寻找它们，这些羊皮纸散落在minecraftia领域的各个角落，被发现于早已被遗忘的地牢中，或者在夜晚游荡的恶魔手中。当被发现时，女巫会右击来学习特定符文组合来识别特定的效果。"
    }
  ]
}
