{
  "name": "塔罗牌和你",
  "icon": "bewitchment:tarots",
  "category": "obw_manifestations_of_magic",
  "pages": [
    {
      "type": "spotlight",
      "item": "bewitchment:tarots",
      "text": "虽然最初是作为一组扑克牌创建的，但用于这些纸牌的功能已经逐渐消失。它们通常与算命联系在一起，我们将在这里讨论它们的含义。"
    },
    {
      "type": "spotlight",
      "item": "minecraft:ender_eye",
      "text": "末影人，一个可怕的精神实体。这张牌表示你可能与外域有一些联系……"
    },
    {
      "type": "spotlight",
      "item": "minecraft:diamond",
      "text": "这颗钻石是无价之宝，它象征着某个人得到了好运。然而，如果反过来，他会遇到坏运气。"
    },
    {
      "type": "spotlight",
      "item": "minecraft:iron_ingot",
      "text": "铁傀儡，对于那些需要者来说是一个坚定的保护者，这张卡意味着一个人可能有重要的联系到物质世界。"
    },
    {
      "type": "spotlight",
      "item": "minecraft:netherrack",
      "text": "凋零骷髅，人类灵魂的遗骸，将永远出没于昔日恶魔堡垒的大厅，往往意味着一个人可能与恶魔有联系……"
    },
    {
      "type": "spotlight",
      "item": "minecraft:nether_star",
      "text": "一颗星星，一个在上界领域的天体，这意味着你可能与你只能梦到的领域有联系……"
    },
    {
      "type": "spotlight",
      "item": "minecraft:emerald",
      "text": "笨蛋，也被称为村里的白痴。这张卡片虽然看起来很无礼，但似乎是衡量魔法能力的一种标准。"
    },
    {
      "type": "spotlight",
      "item": "bewitchment:silver_nugget",
      "text": "月亮，一个非常强大的天体，经常与银色和女性气质联系在一起，这张卡片可能象征着某事物是夜晚的生物……"
    },
    {
      "type": "spotlight",
      "item": "bewitchment:silver_sword",
      "text": "银剑，一种常被用来让超自然力量屈服的武器，可能暗示有人在追你……"
    },
    {
      "type": "spotlight",
      "item": "bewitchment:witches_cowl",
      "text": "隐士，一个隐居的人，似乎与未知的事物有关。如果这张牌在你的牌组中，它可能意味着你或者其他人已经死了，拒绝继续前进……"
    },
    {
      "type": "spotlight",
      "item": "bewitchment:pentacle",
      "text": "你的牌堆里有更多的牌，但你还没有弄清它们的全部含义……"
    }
  ]
}
