{
  "name": "实用的仪式",
  "icon": "bewitchment:boline",
  "sortnum": "4",
  "category": "obw_manifestations_of_magic",
  "pages": [
    {
      "type": "text",
      "text": "这些仪式中的大多数都能在你的日常生活中帮助你，或者作为更大工程的实用工具。"
    },
    {
      "type": "ritual",
      "ritual": "bewitchment:shift_biome"
    },
    {
      "type": "ritual",
      "ritual": "bewitchment:nether_portal"
    },
    {
      "type": "ritual",
      "ritual": "bewitchment:flames"
    },
    {
      "type": "ritual",
      "ritual": "bewitchment:high_moon"
    },
    {
      "type": "ritual",
      "ritual": "bewitchment:time_sands"
    },
    {
      "type": "ritual",
      "ritual": "bewitchment:perception"
    },
    {
      "type": "ritual",
      "ritual": "bewitchment:solar_glory"
    },
    {
      "type": "ritual",
      "ritual": "bewitchment:gateway"
    },
    {
      "type": "ritual",
      "ritual": "bewitchment:frenzied_growth"
    },
    {
      "type": "ritual",
      "ritual": "bewitchment:call_of_the_wild"
    }
  ]
}
