{
    "name": "嬗变催化器",
    "icon": "naturesaura:conversion_catalyst",
    "category": "using",
    "advancement": "naturesaura:infused_materials",
    "pages": [
        {
            "type": "text",
            "text": "$(l:collecting/altar)嬗变催化器$()有利于将$(#419600)灵气$()注入特定物品，然而，它也可以催化一个物体内化为其他物体。$(br)这可以通过将$(item)嬗变催化器$()放置在任意一个祭坛核心周围的低处的$(item)苔石砖$()方块（共4处）上，然后像以往一样放置材料。"
        },
        {
            "type": "naturesaura:tree_ritual",
            "text": "用$(l:practices/tree_ritual)森林仪式$()制造$(item)Transmutation Catalyst$()。",
            "recipe": "naturesaura:conversion_catalyst"
        },
        {
            "type": "naturesaura:altar",
            "text": "用瓶装黑暗制造$(item)龙息$()。",
            "recipe": "naturesaura:chorus"
        },
        {
            "type": "naturesaura:altar",
            "text": "将腐肉转化为$(item)皮革$()",
            "recipe": "naturesaura:leather"
        }
    ]
}
