{
  "name": "灌注",
  "icon": "bewitchment:fume",
  "sortnum": "3",
  "category": "obw_on_magic_and_its_forms",
  "pages": [
    {
      "type": "text",
      "text": "随着女巫们对巫术研究的深入，她们将会注意到这些被发现于现存的不同领域中的力量，而这些领域充满了在所有不同的层面上产生共鸣的魔法能量，但最终锚定在minecraftia的三个主要领域:主世界、下界和末地。"
    },
    {
      "type": "text",
      "text": "然而，这些能量不能轻松地被存取。相反，任何想要这样做的女巫，都必须首先将相关维度的印记注入自身，从而获得维度本身所包含的力量。$(br)$(br)这样的灌注不仅让女巫拥有更多的能量，显著增加MP上限，而且当女巫在被灌输的维度中时，能量恢复率也会显著增加。$(br)$(br)有三种已知的灌注巫术，主世界灌注，下界灌注和末地灌注。然而，有传言说存在第四种灌注术，只存在与女巫梦境中的灌注。"
    },
    {
      "type": "text",
      "text": "考虑到自身在这个过程中被灌输了大量的力量，一个愿意接受灌注的女巫应该对自己的肉身做好万全准备，因为这个过程相当致命。"
    }
  ]
}
