{
  "name": "介绍",
  "icon": "bewitchment:pentacle",
  "sortnum": "1",
  "category": "obw_on_magic_and_its_forms",
  "pages": [
    {
      "type": "text",
      "text": "魔力无处不在。它塑造了我们周围的世界，并为世界的运转和转变提供了动力。$(br) $(br)就其本身而言，它存在于所有的生物中(也有一些没有)，存在于最大的生物中，存在于最微小的植物中，因此，对于那些足够狡猾、能够随意操纵它的人来说，魔力是一种有用的工具。即便魔力在那些高等的生物上流动的"
    },
    {
      "type": "text",
      "text": "更加磅礴，比如在时间的尽头发现的神话中的龙，巫术的艺术也不依赖于宏伟或强大的咒语，而是依赖于简单的小东西，它们聚集在一起，创造出强大的咒文或魔法。巫术依赖于神秘，依赖于狡黠和恶意。用巫王艾莫尼普(Emoniph)自己的话来说，$(o)巫术并不像巫师和他们的同类所表演的那种浮夸的施法。没有闪电魔杖或咒语书，没有魔法盔甲或火焰剑;相反，一个精心照料的女巫花园……”"
    }
  ]
}
