{
  "name": "魔法能量",
  "icon": "bewitchment:pentacle",
  "sortnum": "2",
  "category": "obw_on_magic_and_its_forms",
  "pages": [
    {
      "type": "text",
      "text": "虽然魔法在概念上是虚无缥缈的，在实际重要节点处是神秘和未知的，但是许多女巫已经收集了关于这个问题的知识，把这个概念缩小到巫术的兴趣上。魔法是通过使用魔法能量而产生的对世界的改变。这种神奇的能量来自生命本身，可以在每个生命中找到。虽然它有无数不同的名字，但魔法能量从此被称为MP(魔力)。"
    },
    {
      "type": "text",
      "text": "就像有很多地方可以涉及到魔法一样，也有很多方式可以利用它。一个没有经验的女巫，还没有向世界的力量敞开心扉，就只能接触到自己肉体中的魔法能量。这种能量是通过屏幕上的一个条形图来表示的，该条形图显示了玩家可以访问的能量。魔力初始值只有很少，如果女巫$(o)$(l:obw_on_magic_and_its_forms/infusion)将自身调整到适应相关维度$()，魔力则会增加。魔力恢复率和容量也可以通过佩戴某些小饰品来提高。"
    },
    {
      "type": "text",
      "text": "这个魔力的初始来源尽管可能非常有限，恢复速度也十分感人，但当那些女巫希望深入研究巫术时，当在驱动周围具体仪器设备和仪式时，在冒险途中发动法术时，它无疑被证明是很有用的。然而，更有经验的女巫在施展更强大的魔法时，可能会发现自己的力量有些有限。为了达到这个目的，女巫们可以使用祭坛从周围环境中吸取能量，这将允许她们极大地增加她们可以使用的能量数值，同时也减少了女巫必须接近她施放的不同魔法的麻烦。"
    },
    {
      "type": "text",
      "text": "请参考$(o)$(l:obw_the_tools_of_the_trade/altar)祭坛$()一节，以更深入地解释祭坛机制。"
    }
  ]
}
