{
  "name": "蛇蜥",
  "icon": "bewitchment:blindworms_sting",
  "category": "obw_advanced_bestiary",
  "pages": [
    {
      "type": "text",
      "text": "这不是一条蛇，也不是一条蠕虫，而是一种没有四肢的蜥蜴。虽然它们没有成为人们熟悉的动物的潜力，但它们的尾巴却是一些仪式的有用组成部分。"
    },
    {
      "type": "entity",
      "name": "Blindworm",
      "entity": "bewitchment:blindworm",
      "scale": 0.43,
      "text": "打了折扣的蛇"
    }
  ]
}
