{
  "name": "祭坛",
  "icon": "bewitchment:witch_altar",
  "category": "obw_the_tools_of_the_trade",
  "pages": [
    {
      "type": "text",
      "text": "差不多就是你的本位祭坛了，它需要更高级的魔法形式，例如圆形魔法来为仪式提供动力。 祭坛上可放置各种物品。 以下是有效的：头骨，五角星，花盆，酒杯，宝石碗，火把，蜡烛，灯笼，仪式刀，月牙小刀，大多数剑，龙蛋和金苹果。 祭坛也受益于在其附近生长的植物。"
    },
    {
      "type": "multiblock",
      "name": "How to build",
      "multiblock": {
        "mapping": {
          "A": "bewitchment:witch_altar[altar_multiblock=unformed]",
          "0": "bewitchment:witch_altar[altar_multiblock=unformed]"
        },
        "pattern": [
          [
            "AA",
            "0A",
            "AA"
          ]
        ]
      },
      "text": "围绕祭坛的方块必须 $(i)不能$() 是其他的祭坛方块"
    },
    {
      "type": "multiblock",
      "name": "祭坛",
      "multiblock": {
        "mapping": {
          "A": "bewitchment:witch_altar[altar_multiblock=side,color=14]",
          "0": "bewitchment:witch_altar[altar_multiblock=side,color=14]"
        },
        "pattern": [
          [
            "AA",
            "0A",
            "AA"
          ]
        ]
      },
      "enable_visualize": false,
      "text": "任何地毯都可以用在祭坛上形成最终的结构"
    }
  ]
}
