{
  "name": "蜂房",
  "icon": "bewitchment:apiary",
  "category": "obw_the_tools_of_the_trade",
  "pages": [
    {
      "type": "spotlight",
      "item": "bewitchment:apiary",
      "text": "养蜂已经有上千年的历史了，但在你的手中，它们似乎具有一些神奇的特性。在祭坛旁边放一个蜂房，放一些花，就可以得到蜂巢和空蜂巢。注意，您需要在其中放置蜂窝框架。"
    },
    {
      "type": "crafting",
      "text": "制造一个蜂房",
      "recipe": "bewitchment:apiary"
    }
  ]
}
