{
  "name": "月牙小刀",
  "icon": "bewitchment:boline",
  "category": "obw_the_tools_of_the_trade",
  "pages": [
    {
      "type": "spotlight",
      "item": "bewitchment:boline",
      "text": "一把小镰刀，你已经发现，它在收获植物素材时是不可缺少的。此外，通过使用它从特定的生物体内收集具体物质，你可以将它用于特定的仪式……"
    },
    {
      "type": "crafting",
      "text": "制作一把月牙小刀",
      "recipe": "bewitchment:boline"
    }
  ]
}
