{
  "name": "釡锅",
  "icon": "bewitchment:cauldron",
  "category": "obw_the_tools_of_the_trade",
  "pages": [
    {
      "type": "spotlight",
      "item": "bewitchment:cauldron",
      "text": "经典的一站式商店，酿造，炖煮，和一些其他加工形式和物品制作工艺，它有许多用途，只要提供了热量。"
    },
    {
      "type": "crafting",
      "text": "制作一口釡锅",
      "recipe": "bewitchment:cauldron"
    },
    {
      "type": "spotlight",
      "item": "bewitchment:cauldron",
      "text": "釡锅是完美的，但使用任何制作工艺的前提是，必须要填满液体，并把热源放在它下面。"
    },
    {
      "type": "spotlight",
      "item": "bewitchment:glass_jar",
      "text": "要进行酿造，只需加入一片地狱疣，加入更多你想要的配料。然后，用瓶子收集。"
    },
    {
      "type": "spotlight",
      "item": "minecraft:bucket",
      "text": "要在釡锅里制作食物，根据食谱往锅里装满水、蜂蜜或油，然后放入所需的配料。如果操作正确，生成物应该会被弹出来。"
    },
    {
      "type": "spotlight",
      "item": "minecraft:bowl",
      "text": "要在釡锅里炖菜，先加水，加热，然后放入各种食物。过一会儿，用一个木碗盛起里面的东西。一次最多可以同时炖煮十碗。建议在炖菜中使用多种食材。"
    },
    {
      "type": "spotlight",
      "item": "minecraft:coal",
      "text": "釡锅具有惊人的耐热性，可以用来作为垃圾处理的一种形式，只需用熔岩填充即可。"
    },
    {
      "type": "spotlight",
      "item": "bewitchment:pentacle",
      "text": "使用火之咒文，并把维度之沙扔进由此产生的火焰中，就可以通过一个由不同釡锅组成的系统来进行传送。然而，必须先给目标釡锅命名，然后再说出它的名字。"
    },
    {
      "type": "spotlight",
      "item": "bewitchment:wood_ash",
      "text": "要清理一个釡锅，只需使用木灰。"
    }
  ]
}
