{
  "name": "研钵和研杵",
  "icon": "bewitchment:mortar_and_pestle",
  "category": "obw_the_tools_of_the_trade",
  "pages": [
    {
      "type": "spotlight",
      "item": "bewitchment:mortar_and_pestle",
      "text": "一种多功能的工具，可将草药和其他材料磨成粉末，供你使用。"
    },
    {
      "type": "crafting",
      "text": "制作一套木质研钵和研杵",
      "recipe": "bewitchment:mortar_and_pestle"
    },
    {
      "type": "crafting",
      "text": "制作一套石质研钵和研杵",
      "recipe": "bewitchment:mortar_and_pestle_stone"
    }
  ]
}
